<?xml version="1.0" encoding="UTF-8" standalone="yes"?>
<addon id="plugin.video.jiotv" name="JioTV" version="2.3.2" provider-name="tobalan">
    <requires>
        <import addon="xbmc.python" version="3.0.0"/>
        <import addon="script.module.codequick" version="1.0.2"/>
        <import addon="script.module.inputstreamhelper" version="0.5.10"/>
        <import addon="inputstream.adaptive" minversion="2.6.6"/>
        <import addon="script.module.m3u8" version="0.5.4"/>
        <!-- <import addon="repository.botallen" version="2.0.0"/> -->
        <!-- <import addon="script.module.web-pdb" /> -->
    </requires>
    <extension point="xbmc.python.pluginsource" library="addon.py">
        <provides>video</provides>
    </extension>
    <extension point="xbmc.service" library="service.py"/>
    <extension point="xbmc.addon.metadata">
        <summary lang="en_GB">Stream Live Indian Channels From JioTV on Kodi</summary>
        <description lang="en_GB">Enjoy Live TV experience in Kodi.</description>
        <language>en</language>
        <platform>all</platform>
        <license>MIT</license>
        <forum>https://botallen.com/discord</forum>
        <website>https://botallen.com</website>
        <email>kodi@botallen.com</email>
        <source>https://github.com/tobalan/plugin.video.jiotv</source>
        <news>
[- 2.3.2 -]
[added] generate playlist is off by default

[- 2.3.1 -]
[added] caching of reponses

[- 2.3.0 -]
[added] more extra channels
[added] inputstream adaptive as a dependency 

[- 2.2.0 -]
[fixed] Bugs related to playback
[added] Login with OTP

[- 2.1.0 -]

[added] Kodi Matrix support
[added] Star channels support

[- 2.0.14 -]

[added] Featured Content

[- 2.0.13 -]

[added] Web login

[- 2.0.0 -]

[fixed] All major issues related to playback almost solved
[added] Categorized by Language 
[added] Filter channels by specific language in genre. (from settings)
        </news>
        <disclaimer>This plugin is not officially commissioned/supported by Jio. The trademark "Jio" is registered by "Reliance Corporate IT Park Limited (RCITPL)"</disclaimer>
        <assets>
            <icon>resources/icon.png</icon>
            <fanart>resources/icon.png</fanart>
            <screenshot>resources/icon.png</screenshot>
            <screenshot>resources/icon.png</screenshot>
            <screenshot>resources/icon.png</screenshot>
        </assets>
        <reuselanguageinvoker>true</reuselanguageinvoker>
    </extension>
</addon>
