<?xml version="1.0" encoding="UTF-8" standalone="yes"?>
<addons>
<addon id="repository.tobalan" name="TobAlan Repository" version="2.0.0" provider-name="tobalan">
    <extension point="xbmc.addon.repository" name="TobAlan Repository">
        <dir minversion="19.0">
            <info compressed="false">https://raw.githubusercontent.com/tobalan/tobalan.github.io/main/addons.xml</info>
            <checksum>https://raw.githubusercontent.com/tobalan/tobalan.github.io/main/addons.xml.gz.md5</checksum>
            <datadir zip="true">https://raw.githubusercontent.com/Vikassm73/AjaykRepo/main/Zips</datadir>
        </dir>
    </extension>
    <extension point="xbmc.addon.metadata">
        <summary>TobAlan Repository for Kodi</summary>
        <description>A Repository for Streaming Add-ons of Indian OTT Providers</description>
        <platform>all</platform>
        <assets>
            <icon>icon.png</icon>
            <fanart>fanart.jpg</fanart>
            <clearlogo>icon.png</clearlogo>
        </assets>
    </extension>
</addon>